"Label (Grouping)","Congressional District 1 (116th Congress), Georgia!!Total!!Estimate","Congressional District 1 (116th Congress), Georgia!!Total!!Margin of Error","Congressional District 1 (116th Congress), Georgia!!Percent!!Estimate","Congressional District 1 (116th Congress), Georgia!!Percent!!Margin of Error","Congressional District 1 (116th Congress), Georgia!!Male!!Estimate","Congressional District 1 (116th Congress), Georgia!!Male!!Margin of Error","Congressional District 1 (116th Congress), Georgia!!Percent Male!!Estimate","Congressional District 1 (116th Congress), Georgia!!Percent Male!!Margin of Error","Congressional District 1 (116th Congress), Georgia!!Female!!Estimate","Congressional District 1 (116th Congress), Georgia!!Female!!Margin of Error","Congressional District 1 (116th Congress), Georgia!!Percent Female!!Estimate","Congressional District 1 (116th Congress), Georgia!!Percent Female!!Margin of Error","Congressional District 2 (116th Congress), Georgia!!Total!!Estimate","Congressional District 2 (116th Congress), Georgia!!Total!!Margin of Error","Congressional District 2 (116th Congress), Georgia!!Percent!!Estimate","Congressional District 2 (116th Congress), Georgia!!Percent!!Margin of Error","Congressional District 2 (116th Congress), Georgia!!Male!!Estimate","Congressional District 2 (116th Congress), Georgia!!Male!!Margin of Error","Congressional District 2 (116th Congress), Georgia!!Percent Male!!Estimate","Congressional District 2 (116th Congress), Georgia!!Percent Male!!Margin of Error","Congressional District 2 (116th Congress), Georgia!!Female!!Estimate","Congressional District 2 (116th Congress), Georgia!!Female!!Margin of Error","Congressional District 2 (116th Congress), Georgia!!Percent Female!!Estimate","Congressional District 2 (116th Congress), Georgia!!Percent Female!!Margin of Error","Congressional District 3 (116th Congress), Georgia!!Total!!Estimate","Congressional District 3 (116th Congress), Georgia!!Total!!Margin of Error","Congressional District 3 (116th Congress), Georgia!!Percent!!Estimate","Congressional District 3 (116th Congress), Georgia!!Percent!!Margin of Error","Congressional District 3 (116th Congress), Georgia!!Male!!Estimate","Congressional District 3 (116th Congress), Georgia!!Male!!Margin of Error","Congressional District 3 (116th Congress), Georgia!!Percent Male!!Estimate","Congressional District 3 (116th Congress), Georgia!!Percent Male!!Margin of Error","Congressional District 3 (116th Congress), Georgia!!Female!!Estimate","Congressional District 3 (116th Congress), Georgia!!Female!!Margin of Error","Congressional District 3 (116th Congress), Georgia!!Percent Female!!Estimate","Congressional District 3 (116th Congress), Georgia!!Percent Female!!Margin of Error","Congressional District 4 (116th Congress), Georgia!!Total!!Estimate","Congressional District 4 (116th Congress), Georgia!!Total!!Margin of Error","Congressional District 4 (116th Congress), Georgia!!Percent!!Estimate","Congressional District 4 (116th Congress), Georgia!!Percent!!Margin of Error","Congressional District 4 (116th Congress), Georgia!!Male!!Estimate","Congressional District 4 (116th Congress), Georgia!!Male!!Margin of Error","Congressional District 4 (116th Congress), Georgia!!Percent Male!!Estimate","Congressional District 4 (116th Congress), Georgia!!Percent Male!!Margin of Error","Congressional District 4 (116th Congress), Georgia!!Female!!Estimate","Congressional District 4 (116th Congress), Georgia!!Female!!Margin of Error","Congressional District 4 (116th Congress), Georgia!!Percent Female!!Estimate","Congressional District 4 (116th Congress), Georgia!!Percent Female!!Margin of Error","Congressional District 5 (116th Congress), Georgia!!Total!!Estimate","Congressional District 5 (116th Congress), Georgia!!Total!!Margin of Error","Congressional District 5 (116th Congress), Georgia!!Percent!!Estimate","Congressional District 5 (116th Congress), Georgia!!Percent!!Margin of Error","Congressional District 5 (116th Congress), Georgia!!Male!!Estimate","Congressional District 5 (116th Congress), Georgia!!Male!!Margin of Error","Congressional District 5 (116th Congress), Georgia!!Percent Male!!Estimate","Congressional District 5 (116th Congress), Georgia!!Percent Male!!Margin of Error","Congressional District 5 (116th Congress), Georgia!!Female!!Estimate","Congressional District 5 (116th Congress), Georgia!!Female!!Margin of Error","Congressional District 5 (116th Congress), Georgia!!Percent Female!!Estimate","Congressional District 5 (116th Congress), Georgia!!Percent Female!!Margin of Error","Congressional District 6 (116th Congress), Georgia!!Total!!Estimate","Congressional District 6 (116th Congress), Georgia!!Total!!Margin of Error","Congressional District 6 (116th Congress), Georgia!!Percent!!Estimate","Congressional District 6 (116th Congress), Georgia!!Percent!!Margin of Error","Congressional District 6 (116th Congress), Georgia!!Male!!Estimate","Congressional District 6 (116th Congress), Georgia!!Male!!Margin of Error","Congressional District 6 (116th Congress), Georgia!!Percent Male!!Estimate","Congressional District 6 (116th Congress), Georgia!!Percent Male!!Margin of Error","Congressional District 6 (116th Congress), Georgia!!Female!!Estimate","Congressional District 6 (116th Congress), Georgia!!Female!!Margin of Error","Congressional District 6 (116th Congress), Georgia!!Percent Female!!Estimate","Congressional District 6 (116th Congress), Georgia!!Percent Female!!Margin of Error","Congressional District 7 (116th Congress), Georgia!!Total!!Estimate","Congressional District 7 (116th Congress), Georgia!!Total!!Margin of Error","Congressional District 7 (116th Congress), Georgia!!Percent!!Estimate","Congressional District 7 (116th Congress), Georgia!!Percent!!Margin of Error","Congressional District 7 (116th Congress), Georgia!!Male!!Estimate","Congressional District 7 (116th Congress), Georgia!!Male!!Margin of Error","Congressional District 7 (116th Congress), Georgia!!Percent Male!!Estimate","Congressional District 7 (116th Congress), Georgia!!Percent Male!!Margin of Error","Congressional District 7 (116th Congress), Georgia!!Female!!Estimate","Congressional District 7 (116th Congress), Georgia!!Female!!Margin of Error","Congressional District 7 (116th Congress), Georgia!!Percent Female!!Estimate","Congressional District 7 (116th Congress), Georgia!!Percent Female!!Margin of Error","Congressional District 8 (116th Congress), Georgia!!Total!!Estimate","Congressional District 8 (116th Congress), Georgia!!Total!!Margin of Error","Congressional District 8 (116th Congress), Georgia!!Percent!!Estimate","Congressional District 8 (116th Congress), Georgia!!Percent!!Margin of Error","Congressional District 8 (116th Congress), Georgia!!Male!!Estimate","Congressional District 8 (116th Congress), Georgia!!Male!!Margin of Error","Congressional District 8 (116th Congress), Georgia!!Percent Male!!Estimate","Congressional District 8 (116th Congress), Georgia!!Percent Male!!Margin of Error","Congressional District 8 (116th Congress), Georgia!!Female!!Estimate","Congressional District 8 (116th Congress), Georgia!!Female!!Margin of Error","Congressional District 8 (116th Congress), Georgia!!Percent Female!!Estimate","Congressional District 8 (116th Congress), Georgia!!Percent Female!!Margin of Error","Congressional District 9 (116th Congress), Georgia!!Total!!Estimate","Congressional District 9 (116th Congress), Georgia!!Total!!Margin of Error","Congressional District 9 (116th Congress), Georgia!!Percent!!Estimate","Congressional District 9 (116th Congress), Georgia!!Percent!!Margin of Error","Congressional District 9 (116th Congress), Georgia!!Male!!Estimate","Congressional District 9 (116th Congress), Georgia!!Male!!Margin of Error","Congressional District 9 (116th Congress), Georgia!!Percent Male!!Estimate","Congressional District 9 (116th Congress), Georgia!!Percent Male!!Margin of Error","Congressional District 9 (116th Congress), Georgia!!Female!!Estimate","Congressional District 9 (116th Congress), Georgia!!Female!!Margin of Error","Congressional District 9 (116th Congress), Georgia!!Percent Female!!Estimate","Congressional District 9 (116th Congress), Georgia!!Percent Female!!Margin of Error","Congressional District 10 (116th Congress), Georgia!!Total!!Estimate","Congressional District 10 (116th Congress), Georgia!!Total!!Margin of Error","Congressional District 10 (116th Congress), Georgia!!Percent!!Estimate","Congressional District 10 (116th Congress), Georgia!!Percent!!Margin of Error","Congressional District 10 (116th Congress), Georgia!!Male!!Estimate","Congressional District 10 (116th Congress), Georgia!!Male!!Margin of Error","Congressional District 10 (116th Congress), Georgia!!Percent Male!!Estimate","Congressional District 10 (116th Congress), Georgia!!Percent Male!!Margin of Error","Congressional District 10 (116th Congress), Georgia!!Female!!Estimate","Congressional District 10 (116th Congress), Georgia!!Female!!Margin of Error","Congressional District 10 (116th Congress), Georgia!!Percent Female!!Estimate","Congressional District 10 (116th Congress), Georgia!!Percent Female!!Margin of Error","Congressional District 11 (116th Congress), Georgia!!Total!!Estimate","Congressional District 11 (116th Congress), Georgia!!Total!!Margin of Error","Congressional District 11 (116th Congress), Georgia!!Percent!!Estimate","Congressional District 11 (116th Congress), Georgia!!Percent!!Margin of Error","Congressional District 11 (116th Congress), Georgia!!Male!!Estimate","Congressional District 11 (116th Congress), Georgia!!Male!!Margin of Error","Congressional District 11 (116th Congress), Georgia!!Percent Male!!Estimate","Congressional District 11 (116th Congress), Georgia!!Percent Male!!Margin of Error","Congressional District 11 (116th Congress), Georgia!!Female!!Estimate","Congressional District 11 (116th Congress), Georgia!!Female!!Margin of Error","Congressional District 11 (116th Congress), Georgia!!Percent Female!!Estimate","Congressional District 11 (116th Congress), Georgia!!Percent Female!!Margin of Error","Congressional District 12 (116th Congress), Georgia!!Total!!Estimate","Congressional District 12 (116th Congress), Georgia!!Total!!Margin of Error","Congressional District 12 (116th Congress), Georgia!!Percent!!Estimate","Congressional District 12 (116th Congress), Georgia!!Percent!!Margin of Error","Congressional District 12 (116th Congress), Georgia!!Male!!Estimate","Congressional District 12 (116th Congress), Georgia!!Male!!Margin of Error","Congressional District 12 (116th Congress), Georgia!!Percent Male!!Estimate","Congressional District 12 (116th Congress), Georgia!!Percent Male!!Margin of Error","Congressional District 12 (116th Congress), Georgia!!Female!!Estimate","Congressional District 12 (116th Congress), Georgia!!Female!!Margin of Error","Congressional District 12 (116th Congress), Georgia!!Percent Female!!Estimate","Congressional District 12 (116th Congress), Georgia!!Percent Female!!Margin of Error","Congressional District 13 (116th Congress), Georgia!!Total!!Estimate","Congressional District 13 (116th Congress), Georgia!!Total!!Margin of Error","Congressional District 13 (116th Congress), Georgia!!Percent!!Estimate","Congressional District 13 (116th Congress), Georgia!!Percent!!Margin of Error","Congressional District 13 (116th Congress), Georgia!!Male!!Estimate","Congressional District 13 (116th Congress), Georgia!!Male!!Margin of Error","Congressional District 13 (116th Congress), Georgia!!Percent Male!!Estimate","Congressional District 13 (116th Congress), Georgia!!Percent Male!!Margin of Error","Congressional District 13 (116th Congress), Georgia!!Female!!Estimate","Congressional District 13 (116th Congress), Georgia!!Female!!Margin of Error","Congressional District 13 (116th Congress), Georgia!!Percent Female!!Estimate","Congressional District 13 (116th Congress), Georgia!!Percent Female!!Margin of Error","Congressional District 14 (116th Congress), Georgia!!Total!!Estimate","Congressional District 14 (116th Congress), Georgia!!Total!!Margin of Error","Congressional District 14 (116th Congress), Georgia!!Percent!!Estimate","Congressional District 14 (116th Congress), Georgia!!Percent!!Margin of Error","Congressional District 14 (116th Congress), Georgia!!Male!!Estimate","Congressional District 14 (116th Congress), Georgia!!Male!!Margin of Error","Congressional District 14 (116th Congress), Georgia!!Percent Male!!Estimate","Congressional District 14 (116th Congress), Georgia!!Percent Male!!Margin of Error","Congressional District 14 (116th Congress), Georgia!!Female!!Estimate","Congressional District 14 (116th Congress), Georgia!!Female!!Margin of Error","Congressional District 14 (116th Congress), Georgia!!Percent Female!!Estimate","Congressional District 14 (116th Congress), Georgia!!Percent Female!!Margin of Error"
"Total population","765,267","±5,446","(X)","(X)","374,810","±4,688","(X)","(X)","390,457","±4,126","(X)","(X)","672,932","±9,352","(X)","(X)","327,609","±5,901","(X)","(X)","345,323","±6,132","(X)","(X)","773,330","±11,844","(X)","(X)","375,930","±6,921","(X)","(X)","397,400","±7,057","(X)","(X)","775,516","±18,611","(X)","(X)","364,690","±11,616","(X)","(X)","410,826","±10,598","(X)","(X)","789,610","±15,848","(X)","(X)","383,681","±9,945","(X)","(X)","405,929","±12,245","(X)","(X)","760,368","±11,094","(X)","(X)","372,069","±9,223","(X)","(X)","388,299","±6,989","(X)","(X)","856,376","±16,359","(X)","(X)","420,570","±9,348","(X)","(X)","435,806","±8,896","(X)","(X)","717,457","±6,750","(X)","(X)","352,234","±4,887","(X)","(X)","365,223","±5,289","(X)","(X)","805,448","±8,525","(X)","(X)","397,485","±5,383","(X)","(X)","407,963","±5,688","(X)","(X)","800,510","±15,738","(X)","(X)","396,600","±9,921","(X)","(X)","403,910","±8,583","(X)","(X)","807,381","±11,714","(X)","(X)","391,706","±7,386","(X)","(X)","415,675","±8,295","(X)","(X)","742,856","±6,785","(X)","(X)","375,359","±4,743","(X)","(X)","367,497","±4,854","(X)","(X)","795,514","±15,475","(X)","(X)","374,555","±10,184","(X)","(X)","420,959","±10,205","(X)","(X)","737,001","±3,940","(X)","(X)","362,846","±3,778","(X)","(X)","374,155","±3,664","(X)","(X)"
"    AGE","","","","","","","","","","","","","","","","","","","","","","","","","","","","","","","","","","","","","","","","","","","","","","","","","","","","","","","","","","","","","","","","","","","","","","","","","","","","","","","","","","","","","","","","","","","","","","","","","","","","","","","","","","","","","","","","","","","","","","","","","","","","","","","","","","","","","","","","","","","","","","","","","","","","","","","","","","","","","","","","","","","","","","","",""
"        Under 5 years","48,320","±2,623","6.3%","±0.3","24,679","±2,529","6.6%","±0.7","23,641","±2,110","6.1%","±0.5","41,250","±2,892","6.1%","±0.4","21,110","±2,021","6.4%","±0.6","20,140","±2,333","5.8%","±0.6","41,986","±2,459","5.4%","±0.3","21,657","±1,876","5.8%","±0.5","20,329","±2,070","5.1%","±0.5","46,034","±3,773","5.9%","±0.5","22,044","±3,126","6.0%","±0.8","23,990","±3,056","5.8%","±0.7","41,623","±4,633","5.3%","±0.6","20,828","±3,006","5.4%","±0.8","20,795","±3,161","5.1%","±0.8","46,589","±4,668","6.1%","±0.6","21,650","±2,825","5.8%","±0.7","24,939","±3,092","6.4%","±0.8","48,462","±3,139","5.7%","±0.3","24,313","±2,270","5.8%","±0.5","24,149","±2,075","5.5%","±0.5","46,408","±2,509","6.5%","±0.3","25,047","±2,414","7.1%","±0.7","21,361","±1,770","5.8%","±0.5","43,549","±2,044","5.4%","±0.3","22,133","±1,578","5.6%","±0.4","21,416","±1,394","5.2%","±0.3","44,206","±3,811","5.5%","±0.5","24,250","±3,008","6.1%","±0.7","19,956","±2,442","4.9%","±0.6","42,119","±2,459","5.2%","±0.3","21,353","±1,840","5.5%","±0.5","20,766","±1,722","5.0%","±0.4","41,212","±2,810","5.5%","±0.4","23,405","±2,464","6.2%","±0.6","17,807","±1,626","4.8%","±0.4","52,323","±4,555","6.6%","±0.6","29,587","±3,137","7.9%","±0.8","22,736","±2,677","5.4%","±0.6","41,888","±1,855","5.7%","±0.2","22,185","±1,752","6.1%","±0.5","19,703","±1,858","5.3%","±0.5"
"        5 to 9 years","50,658","±3,936","6.6%","±0.5","24,490","±2,684","6.5%","±0.7","26,168","±3,091","6.7%","±0.8","40,635","±3,832","6.0%","±0.6","21,140","±2,646","6.5%","±0.8","19,495","±2,775","5.6%","±0.8","45,907","±3,584","5.9%","±0.5","21,823","±2,543","5.8%","±0.7","24,084","±2,672","6.1%","±0.7","46,887","±5,716","6.0%","±0.7","21,511","±3,391","5.9%","±0.9","25,376","±4,163","6.2%","±1.0","45,579","±6,230","5.8%","±0.7","21,924","±3,331","5.7%","±0.9","23,655","±4,966","5.8%","±1.1","48,569","±3,681","6.4%","±0.5","26,509","±2,806","7.1%","±0.7","22,060","±2,815","5.7%","±0.7","54,382","±4,666","6.4%","±0.5","28,670","±3,354","6.8%","±0.8","25,712","±3,227","5.9%","±0.7","43,023","±3,907","6.0%","±0.5","22,109","±2,554","6.3%","±0.7","20,914","±2,850","5.7%","±0.7","45,817","±3,587","5.7%","±0.4","23,885","±2,483","6.0%","±0.6","21,932","±2,219","5.4%","±0.5","53,320","±4,523","6.7%","±0.5","28,038","±3,544","7.1%","±0.8","25,282","±3,137","6.3%","±0.8","46,415","±4,055","5.7%","±0.5","22,627","±2,795","5.8%","±0.7","23,788","±2,881","5.7%","±0.7","49,075","±3,732","6.6%","±0.5","28,619","±3,380","7.6%","±0.9","20,456","±2,391","5.6%","±0.6","51,274","±4,953","6.4%","±0.6","25,902","±3,852","6.9%","±1.0","25,372","±3,683","6.0%","±0.9","43,541","±3,116","5.9%","±0.4","19,542","±2,175","5.4%","±0.6","23,999","±2,674","6.4%","±0.7"
"        10 to 14 years","50,093","±4,135","6.5%","±0.5","26,058","±2,949","7.0%","±0.8","24,035","±2,805","6.2%","±0.7","47,477","±3,629","7.1%","±0.5","22,981","±2,518","7.0%","±0.7","24,496","±2,905","7.1%","±0.8","56,713","±5,150","7.3%","±0.6","32,167","±3,550","8.6%","±0.9","24,546","±2,961","6.2%","±0.7","56,105","±5,455","7.2%","±0.6","28,990","±4,012","7.9%","±1.0","27,115","±3,684","6.6%","±0.8","46,408","±6,154","5.9%","±0.7","23,360","±3,718","6.1%","±1.0","23,048","±4,345","5.7%","±1.0","51,383","±3,967","6.8%","±0.5","25,987","±2,775","7.0%","±0.7","25,396","±2,675","6.5%","±0.7","72,677","±4,838","8.5%","±0.5","37,002","±3,159","8.8%","±0.7","35,675","±3,480","8.2%","±0.8","52,988","±4,019","7.4%","±0.6","26,775","±3,199","7.6%","±0.9","26,213","±2,363","7.2%","±0.6","57,591","±3,863","7.2%","±0.5","28,276","±2,590","7.1%","±0.6","29,315","±2,810","7.2%","±0.7","55,104","±4,986","6.9%","±0.6","28,878","±3,956","7.3%","±1.0","26,226","±3,347","6.5%","±0.8","53,624","±4,190","6.6%","±0.5","27,867","±3,342","7.1%","±0.8","25,757","±3,227","6.2%","±0.7","54,391","±4,572","7.3%","±0.6","26,831","±3,225","7.1%","±0.9","27,560","±3,155","7.5%","±0.8","63,200","±5,662","7.9%","±0.7","32,548","±3,312","8.7%","±0.9","30,652","±4,361","7.3%","±1.0","59,351","±3,204","8.1%","±0.4","33,606","±2,628","9.3%","±0.7","25,745","±2,793","6.9%","±0.7"
"        15 to 19 years","54,923","±3,853","7.2%","±0.5","28,193","±2,621","7.5%","±0.7","26,730","±3,105","6.8%","±0.8","49,400","±3,136","7.3%","±0.4","26,645","±2,636","8.1%","±0.8","22,755","±2,124","6.6%","±0.6","55,442","±3,924","7.2%","±0.5","28,350","±3,029","7.5%","±0.8","27,092","±2,710","6.8%","±0.7","52,651","±4,481","6.8%","±0.5","25,908","±2,752","7.1%","±0.7","26,743","±3,681","6.5%","±0.9","50,368","±5,326","6.4%","±0.6","24,260","±3,308","6.3%","±0.8","26,108","±3,530","6.4%","±0.8","51,814","±4,480","6.8%","±0.6","25,795","±2,817","6.9%","±0.8","26,019","±2,905","6.7%","±0.7","66,252","±3,113","7.7%","±0.4","35,343","±2,039","8.4%","±0.4","30,909","±2,481","7.1%","±0.6","48,493","±3,957","6.8%","±0.6","27,902","±3,528","7.9%","±1.0","20,591","±3,014","5.6%","±0.8","55,962","±3,528","6.9%","±0.4","28,134","±1,944","7.1%","±0.5","27,828","±2,847","6.8%","±0.7","62,919","±5,334","7.9%","±0.6","28,828","±3,218","7.3%","±0.8","34,091","±3,928","8.4%","±0.9","59,292","±3,443","7.3%","±0.4","27,346","±2,380","7.0%","±0.6","31,946","±2,899","7.7%","±0.7","54,670","±4,185","7.4%","±0.6","30,531","±2,959","8.1%","±0.8","24,139","±2,737","6.6%","±0.7","52,700","±4,793","6.6%","±0.6","29,329","±3,514","7.8%","±0.9","23,371","±3,258","5.6%","±0.7","56,444","±3,650","7.7%","±0.5","26,624","±2,704","7.3%","±0.7","29,820","±3,007","8.0%","±0.8"
"        20 to 24 years","50,893","±3,181","6.7%","±0.4","25,920","±2,458","6.9%","±0.7","24,973","±2,135","6.4%","±0.5","45,965","±2,945","6.8%","±0.4","23,314","±2,055","7.1%","±0.6","22,651","±2,099","6.6%","±0.6","51,600","±3,672","6.7%","±0.5","27,346","±2,580","7.3%","±0.7","24,254","±2,473","6.1%","±0.6","48,967","±4,312","6.3%","±0.6","24,990","±2,996","6.9%","±0.8","23,977","±2,879","5.8%","±0.7","63,877","±4,688","8.1%","±0.6","30,245","±3,111","7.9%","±0.8","33,632","±3,429","8.3%","±0.8","35,729","±3,878","4.7%","±0.5","17,637","±2,507","4.7%","±0.7","18,092","±3,027","4.7%","±0.8","55,799","±3,253","6.5%","±0.4","26,647","±2,463","6.3%","±0.6","29,152","±2,116","6.7%","±0.5","54,221","±4,438","7.6%","±0.6","27,057","±2,851","7.7%","±0.8","27,164","±2,684","7.4%","±0.7","46,343","±3,101","5.8%","±0.4","22,324","±1,842","5.6%","±0.5","24,019","±2,385","5.9%","±0.6","63,752","±4,401","8.0%","±0.5","38,062","±3,140","9.6%","±0.8","25,690","±3,839","6.4%","±0.9","55,394","±4,930","6.9%","±0.6","28,541","±2,760","7.3%","±0.7","26,853","±3,206","6.5%","±0.7","61,525","±3,795","8.3%","±0.5","33,819","±2,818","9.0%","±0.8","27,706","±2,676","7.5%","±0.7","52,284","±4,583","6.6%","±0.6","24,419","±2,812","6.5%","±0.7","27,865","±3,202","6.6%","±0.7","39,460","±3,421","5.4%","±0.5","21,205","±2,234","5.8%","±0.6","18,255","±2,151","4.9%","±0.6"
"        25 to 29 years","56,638","±3,616","7.4%","±0.5","29,879","±2,512","8.0%","±0.7","26,759","±2,345","6.9%","±0.6","44,835","±2,589","6.7%","±0.4","22,482","±1,625","6.9%","±0.5","22,353","±1,970","6.5%","±0.6","48,683","±3,927","6.3%","±0.5","23,461","±2,896","6.2%","±0.7","25,222","±2,763","6.3%","±0.7","46,796","±5,311","6.0%","±0.6","22,854","±3,259","6.3%","±0.9","23,942","±3,256","5.8%","±0.8","75,884","±5,087","9.6%","±0.6","38,323","±3,692","10.0%","±0.9","37,561","±3,417","9.3%","±0.8","50,920","±5,170","6.7%","±0.7","23,379","±3,233","6.3%","±0.8","27,541","±3,616","7.1%","±0.9","53,607","±3,246","6.3%","±0.3","27,602","±2,139","6.6%","±0.5","26,005","±2,104","6.0%","±0.5","46,959","±2,747","6.5%","±0.4","24,506","±2,320","7.0%","±0.6","22,453","±1,788","6.1%","±0.5","45,214","±2,223","5.6%","±0.3","22,600","±1,747","5.7%","±0.4","22,614","±1,388","5.5%","±0.3","52,019","±5,017","6.5%","±0.6","25,726","±3,746","6.5%","±0.9","26,293","±2,796","6.5%","±0.7","57,275","±4,035","7.1%","±0.5","28,212","±2,569","7.2%","±0.6","29,063","±2,399","7.0%","±0.6","45,520","±2,463","6.1%","±0.3","23,375","±1,631","6.2%","±0.4","22,145","±2,094","6.0%","±0.6","56,005","±6,006","7.0%","±0.7","23,532","±4,231","6.3%","±1.1","32,473","±3,214","7.7%","±0.7","46,427","±3,027","6.3%","±0.4","23,473","±2,140","6.5%","±0.6","22,954","±1,986","6.1%","±0.5"
"        30 to 34 years","57,770","±2,808","7.5%","±0.4","28,698","±2,144","7.7%","±0.6","29,072","±1,831","7.4%","±0.5","44,721","±3,309","6.6%","±0.5","23,603","±2,368","7.2%","±0.7","21,118","±2,173","6.1%","±0.6","48,693","±4,156","6.3%","±0.5","21,534","±2,505","5.7%","±0.6","27,159","±2,689","6.8%","±0.7","55,415","±4,566","7.1%","±0.6","28,293","±3,152","7.8%","±0.8","27,122","±2,806","6.6%","±0.7","73,675","±5,077","9.3%","±0.6","36,499","±2,943","9.5%","±0.7","37,176","±3,355","9.2%","±0.8","59,578","±4,915","7.8%","±0.6","30,160","±2,877","8.1%","±0.7","29,418","±3,304","7.6%","±0.8","50,112","±3,697","5.9%","±0.4","24,402","±2,232","5.8%","±0.5","25,710","±2,533","5.9%","±0.5","44,883","±4,030","6.3%","±0.6","21,116","±2,282","6.0%","±0.7","23,767","±2,786","6.5%","±0.7","47,734","±2,596","5.9%","±0.3","24,154","±1,706","6.1%","±0.4","23,580","±1,624","5.8%","±0.4","48,129","±4,716","6.0%","±0.6","21,502","±2,300","5.4%","±0.6","26,627","±3,499","6.6%","±0.8","55,653","±4,124","6.9%","±0.5","26,932","±2,233","6.9%","±0.5","28,721","±2,511","6.9%","±0.6","46,852","±3,552","6.3%","±0.5","25,390","±2,478","6.8%","±0.7","21,462","±1,900","5.8%","±0.5","57,267","±4,422","7.2%","±0.5","25,410","±3,116","6.8%","±0.8","31,857","±2,992","7.6%","±0.7","47,582","±2,470","6.5%","±0.3","23,762","±1,745","6.5%","±0.5","23,820","±1,400","6.4%","±0.4"
"        35 to 39 years","47,370","±5,650","6.2%","±0.7","22,594","±3,429","6.0%","±0.9","24,776","±3,286","6.3%","±0.8","43,481","±3,816","6.5%","±0.6","20,788","±2,617","6.3%","±0.8","22,693","±2,621","6.6%","±0.8","54,882","±4,633","7.1%","±0.6","26,876","±3,111","7.1%","±0.8","28,006","±3,007","7.0%","±0.7","49,829","±5,782","6.4%","±0.7","22,908","±3,279","6.3%","±0.9","26,921","±4,070","6.6%","±1.0","64,431","±5,605","8.2%","±0.7","33,976","±3,759","8.9%","±1.0","30,455","±3,873","7.5%","±0.9","56,298","±4,873","7.4%","±0.6","27,541","±2,838","7.4%","±0.8","28,757","±3,487","7.4%","±0.9","58,401","±5,642","6.8%","±0.6","29,292","±3,499","7.0%","±0.8","29,109","±3,337","6.7%","±0.7","47,474","±4,512","6.6%","±0.6","22,114","±2,713","6.3%","±0.8","25,360","±3,342","6.9%","±0.9","49,993","±4,523","6.2%","±0.5","26,247","±3,199","6.6%","±0.8","23,746","±2,379","5.8%","±0.6","49,686","±4,773","6.2%","±0.6","25,914","±3,037","6.5%","±0.8","23,772","±2,895","5.9%","±0.7","51,287","±4,719","6.4%","±0.6","22,711","±2,880","5.8%","±0.7","28,576","±3,215","6.9%","±0.8","48,495","±3,720","6.5%","±0.5","24,318","±2,534","6.5%","±0.7","24,177","±2,739","6.6%","±0.7","62,335","±6,504","7.8%","±0.8","28,542","±3,794","7.6%","±0.9","33,793","±4,352","8.0%","±1.0","49,861","±4,204","6.8%","±0.6","25,377","±2,720","7.0%","±0.8","24,484","±3,075","6.5%","±0.8"
"        40 to 44 years","49,881","±4,364","6.5%","±0.6","25,008","±2,936","6.7%","±0.8","24,873","±2,716","6.4%","±0.7","40,780","±3,807","6.1%","±0.6","20,587","±2,701","6.3%","±0.8","20,193","±2,183","5.8%","±0.6","47,822","±4,343","6.2%","±0.5","22,679","±3,019","6.0%","±0.8","25,143","±2,800","6.3%","±0.7","52,956","±6,321","6.8%","±0.8","23,749","±3,592","6.5%","±0.9","29,207","±4,053","7.1%","±1.0","54,558","±4,633","6.9%","±0.6","26,385","±3,129","6.9%","±0.8","28,173","±3,227","6.9%","±0.8","53,205","±4,973","7.0%","±0.6","25,274","±2,901","6.8%","±0.7","27,931","±3,318","7.2%","±0.8","69,166","±5,478","8.1%","±0.6","32,771","±3,386","7.8%","±0.8","36,395","±3,355","8.4%","±0.8","48,055","±4,039","6.7%","±0.6","24,438","±3,167","6.9%","±0.9","23,617","±2,990","6.5%","±0.8","46,841","±3,202","5.8%","±0.4","23,195","±2,318","5.8%","±0.6","23,646","±2,038","5.8%","±0.5","49,070","±4,764","6.1%","±0.6","22,553","±3,033","5.7%","±0.7","26,517","±3,263","6.6%","±0.8","58,142","±4,620","7.2%","±0.6","31,074","±3,164","7.9%","±0.8","27,068","±3,231","6.5%","±0.8","47,549","±4,242","6.4%","±0.6","22,811","±2,829","6.1%","±0.7","24,738","±2,760","6.7%","±0.7","50,048","±5,915","6.3%","±0.7","20,770","±3,513","5.5%","±0.9","29,278","±3,811","7.0%","±0.9","46,472","±4,394","6.3%","±0.6","21,443","±2,699","5.9%","±0.7","25,029","±3,017","6.7%","±0.8"
"        45 to 49 years","41,453","±2,883","5.4%","±0.4","20,314","±1,899","5.4%","±0.5","21,139","±1,597","5.4%","±0.4","39,196","±3,077","5.8%","±0.5","19,409","±2,261","5.9%","±0.7","19,787","±1,855","5.7%","±0.5","49,464","±3,448","6.4%","±0.5","24,213","±2,300","6.4%","±0.6","25,251","±2,225","6.4%","±0.6","52,346","±3,522","6.7%","±0.4","24,947","±2,616","6.8%","±0.7","27,399","±2,369","6.7%","±0.6","46,423","±3,782","5.9%","±0.5","23,972","±2,485","6.2%","±0.6","22,451","±2,761","5.5%","±0.7","56,073","±4,038","7.4%","±0.5","28,021","±2,419","7.5%","±0.6","28,052","±2,571","7.2%","±0.7","66,324","±4,122","7.7%","±0.5","30,985","±2,655","7.4%","±0.6","35,339","±2,475","8.1%","±0.6","38,836","±2,678","5.4%","±0.4","17,556","±1,973","5.0%","±0.6","21,280","±2,116","5.8%","±0.6","49,244","±2,440","6.1%","±0.3","23,461","±1,211","5.9%","±0.3","25,783","±1,782","6.3%","±0.4","50,532","±4,673","6.3%","±0.5","25,156","±3,156","6.3%","±0.7","25,376","±2,612","6.3%","±0.6","55,360","±3,295","6.9%","±0.4","27,302","±2,201","7.0%","±0.5","28,058","±2,259","6.7%","±0.5","45,199","±3,320","6.1%","±0.4","21,157","±2,135","5.6%","±0.6","24,042","±2,275","6.5%","±0.6","49,190","±3,110","6.2%","±0.4","20,990","±2,622","5.6%","±0.7","28,200","±2,743","6.7%","±0.6","48,041","±2,780","6.5%","±0.4","24,798","±1,763","6.8%","±0.5","23,243","±1,868","6.2%","±0.5"
"        50 to 54 years","43,913","±2,592","5.7%","±0.3","21,933","±2,113","5.9%","±0.6","21,980","±1,518","5.6%","±0.4","39,174","±2,710","5.8%","±0.4","18,507","±1,679","5.6%","±0.5","20,667","±2,017","6.0%","±0.6","51,045","±3,211","6.6%","±0.4","24,063","±1,930","6.4%","±0.5","26,982","±2,272","6.8%","±0.6","57,393","±3,972","7.4%","±0.5","25,928","±2,371","7.1%","±0.6","31,465","±2,489","7.7%","±0.6","47,381","±3,755","6.0%","±0.5","24,146","±2,561","6.3%","±0.6","23,235","±2,727","5.7%","±0.7","53,389","±3,644","7.0%","±0.5","26,506","±2,647","7.1%","±0.7","26,883","±2,131","6.9%","±0.5","60,482","±3,218","7.1%","±0.4","30,443","±1,849","7.2%","±0.4","30,039","±2,130","6.9%","±0.5","41,886","±2,303","5.8%","±0.3","21,321","±1,564","6.1%","±0.5","20,565","±1,434","5.6%","±0.4","56,208","±2,229","7.0%","±0.3","29,899","±1,568","7.5%","±0.4","26,309","±1,503","6.4%","±0.4","51,298","±4,729","6.4%","±0.6","25,323","±2,592","6.4%","±0.7","25,975","±3,182","6.4%","±0.8","58,215","±3,326","7.2%","±0.4","29,058","±2,400","7.4%","±0.6","29,157","±1,951","7.0%","±0.5","45,177","±3,637","6.1%","±0.5","22,637","±2,690","6.0%","±0.7","22,540","±2,221","6.1%","±0.6","56,135","±4,279","7.1%","±0.5","26,798","±2,577","7.2%","±0.7","29,337","±2,915","7.0%","±0.7","49,467","±2,554","6.7%","±0.3","23,456","±1,434","6.5%","±0.4","26,011","±1,817","7.0%","±0.5"
"        55 to 59 years","45,735","±3,445","6.0%","±0.4","22,306","±2,164","6.0%","±0.6","23,429","±2,264","6.0%","±0.6","41,946","±3,052","6.2%","±0.5","19,938","±2,047","6.1%","±0.6","22,008","±2,184","6.4%","±0.7","52,354","±3,289","6.8%","±0.4","25,317","±2,414","6.7%","±0.6","27,037","±2,120","6.8%","±0.5","48,359","±4,770","6.2%","±0.6","21,840","±3,015","6.0%","±0.8","26,519","±3,104","6.5%","±0.7","42,717","±4,352","5.4%","±0.5","20,850","±2,903","5.4%","±0.7","21,867","±2,866","5.4%","±0.7","52,337","±4,780","6.9%","±0.6","25,045","±3,044","6.7%","±0.8","27,292","±2,774","7.0%","±0.7","56,641","±3,873","6.6%","±0.5","28,322","±2,474","6.7%","±0.6","28,319","±3,034","6.5%","±0.7","44,190","±3,668","6.2%","±0.5","22,149","±2,465","6.3%","±0.7","22,041","±2,495","6.0%","±0.7","53,207","±3,304","6.6%","±0.4","26,243","±2,334","6.6%","±0.6","26,964","±2,464","6.6%","±0.6","51,802","±4,028","6.5%","±0.5","24,787","±2,353","6.2%","±0.6","27,015","±2,570","6.7%","±0.6","50,183","±4,294","6.2%","±0.5","25,480","±3,008","6.5%","±0.7","24,703","±2,588","5.9%","±0.6","42,569","±2,728","5.7%","±0.4","20,766","±1,884","5.5%","±0.5","21,803","±1,988","5.9%","±0.5","51,335","±3,899","6.5%","±0.5","23,598","±2,682","6.3%","±0.7","27,737","±2,813","6.6%","±0.7","45,985","±3,770","6.2%","±0.5","24,300","±2,561","6.7%","±0.7","21,685","±2,293","5.8%","±0.6"
"        60 to 64 years","45,186","±3,310","5.9%","±0.4","19,807","±1,941","5.3%","±0.5","25,379","±2,072","6.5%","±0.5","43,350","±2,787","6.4%","±0.4","21,006","±1,893","6.4%","±0.6","22,344","±2,118","6.5%","±0.6","46,043","±3,217","6.0%","±0.4","20,984","±2,149","5.6%","±0.6","25,059","±2,104","6.3%","±0.5","50,820","±4,344","6.6%","±0.6","24,224","±2,563","6.6%","±0.7","26,596","±2,812","6.5%","±0.7","40,331","±4,706","5.1%","±0.6","18,410","±2,889","4.8%","±0.7","21,921","±2,989","5.4%","±0.7","44,800","±4,028","5.9%","±0.5","22,740","±2,450","6.1%","±0.7","22,060","±2,531","5.7%","±0.7","49,101","±4,197","5.7%","±0.5","23,123","±2,880","5.5%","±0.7","25,978","±3,158","6.0%","±0.7","45,474","±3,286","6.3%","±0.5","20,193","±2,501","5.7%","±0.7","25,281","±2,246","6.9%","±0.6","55,156","±3,790","6.8%","±0.5","26,225","±2,301","6.6%","±0.6","28,931","±2,614","7.1%","±0.6","46,098","±3,902","5.8%","±0.5","22,918","±2,694","5.8%","±0.7","23,180","±2,208","5.7%","±0.6","50,521","±4,705","6.3%","±0.6","24,769","±2,808","6.3%","±0.7","25,752","±3,000","6.2%","±0.7","47,132","±3,241","6.3%","±0.4","21,996","±2,083","5.9%","±0.6","25,136","±2,170","6.8%","±0.6","46,845","±4,555","5.9%","±0.6","23,419","±3,293","6.3%","±0.9","23,426","±2,925","5.6%","±0.7","46,309","±3,667","6.3%","±0.5","20,782","±2,459","5.7%","±0.7","25,527","±2,304","6.8%","±0.6"
"        65 to 69 years","38,591","±2,518","5.0%","±0.3","17,137","±1,739","4.6%","±0.5","21,454","±1,846","5.5%","±0.5","38,873","±2,690","5.8%","±0.4","17,273","±1,803","5.3%","±0.5","21,600","±1,782","6.3%","±0.5","42,275","±3,018","5.5%","±0.4","21,167","±2,049","5.6%","±0.6","21,108","±1,927","5.3%","±0.5","39,453","±4,192","5.1%","±0.6","18,149","±2,508","5.0%","±0.7","21,304","±2,733","5.2%","±0.7","33,722","±3,142","4.3%","±0.4","15,451","±2,008","4.0%","±0.5","18,271","±2,182","4.5%","±0.5","32,775","±3,649","4.3%","±0.5","15,410","±2,133","4.1%","±0.6","17,365","±2,234","4.5%","±0.6","33,247","±3,505","3.9%","±0.4","15,537","±2,070","3.7%","±0.5","17,710","±2,141","4.1%","±0.5","36,505","±2,829","5.1%","±0.4","16,800","±1,853","4.8%","±0.5","19,705","±1,815","5.4%","±0.5","52,738","±3,224","6.5%","±0.4","24,882","±1,895","6.3%","±0.5","27,856","±2,136","6.8%","±0.5","40,563","±2,736","5.1%","±0.3","17,315","±1,929","4.4%","±0.5","23,248","±2,045","5.8%","±0.5","39,151","±2,848","4.8%","±0.3","17,217","±1,910","4.4%","±0.5","21,934","±1,961","5.3%","±0.5","41,280","±2,628","5.6%","±0.4","19,377","±1,532","5.2%","±0.4","21,903","±1,887","6.0%","±0.5","36,049","±3,422","4.5%","±0.4","17,744","±2,025","4.7%","±0.6","18,305","±2,374","4.3%","±0.6","38,308","±2,494","5.2%","±0.3","17,259","±1,544","4.8%","±0.4","21,049","±1,741","5.6%","±0.5"
"        70 to 74 years","36,528","±2,437","4.8%","±0.3","17,546","±1,591","4.7%","±0.4","18,982","±1,833","4.9%","±0.5","30,675","±2,601","4.6%","±0.4","13,718","±1,581","4.2%","±0.5","16,957","±1,941","4.9%","±0.6","33,903","±3,062","4.4%","±0.4","15,045","±2,252","4.0%","±0.6","18,858","±1,704","4.7%","±0.4","32,740","±3,706","4.2%","±0.5","13,310","±2,042","3.6%","±0.5","19,430","±2,435","4.7%","±0.6","27,671","±2,875","3.5%","±0.4","11,308","±1,605","2.9%","±0.4","16,363","±2,024","4.0%","±0.5","28,889","±3,317","3.8%","±0.4","14,257","±2,187","3.8%","±0.6","14,632","±2,024","3.8%","±0.5","27,997","±2,357","3.3%","±0.3","12,604","±1,627","3.0%","±0.4","15,393","±1,790","3.5%","±0.4","34,775","±2,952","4.8%","±0.4","15,519","±2,107","4.4%","±0.6","19,256","±1,756","5.3%","±0.5","40,992","±3,310","5.1%","±0.4","20,047","±1,870","5.0%","±0.5","20,945","±1,996","5.1%","±0.5","34,936","±2,779","4.4%","±0.4","17,660","±1,886","4.5%","±0.5","17,276","±1,814","4.3%","±0.4","32,640","±3,043","4.0%","±0.4","14,038","±1,863","3.6%","±0.5","18,602","±2,281","4.5%","±0.5","30,746","±2,627","4.1%","±0.4","13,360","±1,384","3.6%","±0.4","17,386","±1,849","4.7%","±0.5","27,684","±3,047","3.5%","±0.4","10,204","±1,592","2.7%","±0.4","17,480","±2,340","4.2%","±0.5","33,235","±2,656","4.5%","±0.4","15,614","±1,699","4.3%","±0.5","17,621","±1,867","4.7%","±0.5"
"        75 to 79 years","23,015","±2,036","3.0%","±0.3","9,475","±1,261","2.5%","±0.3","13,540","±1,605","3.5%","±0.4","18,080","±1,893","2.7%","±0.3","7,973","±1,208","2.4%","±0.4","10,107","±1,300","2.9%","±0.4","20,897","±2,107","2.7%","±0.3","8,887","±1,253","2.4%","±0.3","12,010","±1,499","3.0%","±0.4","18,761","±2,306","2.4%","±0.3","7,483","±1,200","2.1%","±0.3","11,278","±1,796","2.7%","±0.4","16,263","±2,145","2.1%","±0.3","5,855","±1,308","1.5%","±0.3","10,408","±1,601","2.6%","±0.4","17,286","±2,451","2.3%","±0.3","7,958","±1,344","2.1%","±0.4","9,328","±1,721","2.4%","±0.4","15,374","±1,954","1.8%","±0.2","5,897","±1,183","1.4%","±0.3","9,477","±1,403","2.2%","±0.3","21,011","±1,665","2.9%","±0.2","9,685","±1,141","2.7%","±0.3","11,326","±1,404","3.1%","±0.4","31,302","±2,551","3.9%","±0.3","13,884","±1,458","3.5%","±0.4","17,418","±1,758","4.3%","±0.4","23,852","±2,251","3.0%","±0.3","9,584","±1,436","2.4%","±0.4","14,268","±1,588","3.5%","±0.4","21,430","±2,646","2.7%","±0.3","10,467","±1,187","2.7%","±0.3","10,963","±2,062","2.6%","±0.5","17,416","±1,982","2.3%","±0.3","7,447","±1,108","2.0%","±0.3","9,969","±1,514","2.7%","±0.4","13,953","±1,987","1.8%","±0.2","6,081","±1,336","1.6%","±0.4","7,872","±1,375","1.9%","±0.3","20,372","±2,222","2.8%","±0.3","9,266","±1,499","2.6%","±0.4","11,106","±1,328","3.0%","±0.4"
"        80 to 84 years","13,901","±1,731","1.8%","±0.2","5,668","±1,194","1.5%","±0.3","8,233","±1,392","2.1%","±0.4","11,069","±1,367","1.6%","±0.2","3,939","±840","1.2%","±0.3","7,130","±1,061","2.1%","±0.3","14,006","±1,619","1.8%","±0.2","5,546","±966","1.5%","±0.3","8,460","±1,320","2.1%","±0.3","10,595","±1,827","1.4%","±0.2","4,966","±1,083","1.4%","±0.3","5,629","±1,408","1.4%","±0.3","11,058","±1,604","1.4%","±0.2","5,815","±1,087","1.5%","±0.3","5,243","±1,163","1.3%","±0.3","10,988","±1,621","1.4%","±0.2","3,845","±916","1.0%","±0.2","7,143","±1,231","1.8%","±0.3","9,591","±1,589","1.1%","±0.2","4,119","±845","1.0%","±0.2","5,472","±1,082","1.3%","±0.2","11,646","±1,861","1.6%","±0.3","4,052","±879","1.2%","±0.2","7,594","±1,314","2.1%","±0.4","16,867","±1,977","2.1%","±0.2","7,511","±1,185","1.9%","±0.3","9,356","±1,411","2.3%","±0.3","11,504","±1,654","1.4%","±0.2","5,343","±1,120","1.3%","±0.3","6,161","±1,221","1.5%","±0.3","11,842","±1,727","1.5%","±0.2","4,313","±1,030","1.1%","±0.3","7,529","±1,519","1.8%","±0.4","13,117","±1,744","1.8%","±0.2","4,894","±1,167","1.3%","±0.3","8,223","±1,165","2.2%","±0.3","8,860","±2,005","1.1%","±0.3","3,067","±1,028","0.8%","±0.3","5,793","±1,412","1.4%","±0.3","15,300","±2,343","2.1%","±0.3","6,786","±1,452","1.9%","±0.4","8,514","±1,438","2.3%","±0.4"
"        85 years and over","10,399","±1,848","1.4%","±0.2","5,105","±1,416","1.4%","±0.4","5,294","±1,099","1.4%","±0.3","12,025","±1,711","1.8%","±0.3","3,196","±793","1.0%","±0.2","8,829","±1,308","2.6%","±0.4","11,615","±1,362","1.5%","±0.2","4,815","±836","1.3%","±0.2","6,800","±1,115","1.7%","±0.3","9,409","±1,902","1.2%","±0.2","2,596","±782","0.7%","±0.2","6,813","±1,605","1.7%","±0.4","7,641","±1,534","1.0%","±0.2","2,074","±805","0.5%","±0.2","5,567","±1,240","1.4%","±0.3","9,746","±1,992","1.3%","±0.3","4,355","±1,310","1.2%","±0.4","5,391","±1,257","1.4%","±0.3","8,761","±1,887","1.0%","±0.2","3,498","±1,022","0.8%","±0.2","5,263","±1,316","1.2%","±0.3","10,630","±1,427","1.5%","±0.2","3,895","±918","1.1%","±0.3","6,735","±1,155","1.8%","±0.3","10,690","±1,527","1.3%","±0.2","4,385","±1,064","1.1%","±0.3","6,305","±1,065","1.5%","±0.3","11,720","±2,098","1.5%","±0.3","4,763","±1,084","1.2%","±0.3","6,957","±1,533","1.7%","±0.4","8,838","±1,578","1.1%","±0.2","2,399","±780","0.6%","±0.2","6,439","±1,470","1.5%","±0.4","10,931","±1,712","1.5%","±0.2","4,626","±1,049","1.2%","±0.3","6,305","±1,093","1.7%","±0.3","8,027","±1,791","1.0%","±0.2","2,615","±830","0.7%","±0.2","5,412","±1,451","1.3%","±0.3","8,958","±1,445","1.2%","±0.2","3,368","±930","0.9%","±0.3","5,590","±954","1.5%","±0.3"
"    SELECTED AGE CATEGORIES","","","","","","","","","","","","","","","","","","","","","","","","","","","","","","","","","","","","","","","","","","","","","","","","","","","","","","","","","","","","","","","","","","","","","","","","","","","","","","","","","","","","","","","","","","","","","","","","","","","","","","","","","","","","","","","","","","","","","","","","","","","","","","","","","","","","","","","","","","","","","","","","","","","","","","","","","","","","","","","","","","","","","","","",""
"        5 to 14 years","100,751","±4,260","13.2%","±0.5","50,548","±2,702","13.5%","±0.7","50,203","±3,291","12.9%","±0.8","88,112","±4,414","13.1%","±0.6","44,121","±2,881","13.5%","±0.8","43,991","±3,267","12.7%","±0.8","102,620","±4,776","13.3%","±0.6","53,990","±3,199","14.4%","±0.8","48,630","±3,326","12.2%","±0.7","102,992","±7,109","13.3%","±0.8","50,501","±4,208","13.8%","±1.0","52,491","±5,484","12.8%","±1.2","91,987","±8,645","11.6%","±1.0","45,284","±4,437","11.8%","±1.1","46,703","±6,676","11.5%","±1.4","99,952","±5,448","13.1%","±0.7","52,496","±3,995","14.1%","±1.0","47,456","±3,142","12.2%","±0.8","127,059","±5,573","14.8%","±0.5","65,672","±3,559","15.6%","±0.7","61,387","±3,850","14.1%","±0.7","96,011","±3,961","13.4%","±0.5","48,884","±2,967","13.9%","±0.8","47,127","±2,830","12.9%","±0.7","103,408","±3,547","12.8%","±0.4","52,161","±2,368","13.1%","±0.5","51,247","±2,513","12.6%","±0.5","108,424","±5,905","13.5%","±0.6","56,916","±4,587","14.4%","±1.0","51,508","±3,525","12.8%","±0.8","100,039","±3,686","12.4%","±0.4","50,494","±2,552","12.9%","±0.6","49,545","±3,074","11.9%","±0.7","103,466","±4,262","13.9%","±0.5","55,450","±2,861","14.8%","±0.7","48,016","±3,119","13.1%","±0.8","114,474","±6,266","14.4%","±0.7","58,450","±4,499","15.6%","±1.1","56,024","±4,403","13.3%","±1.0","102,892","±1,906","14.0%","±0.2","53,148","±2,284","14.6%","±0.6","49,744","±1,617","13.3%","±0.4"
"        15 to 17 years","28,690","±2,045","3.7%","±0.3","15,079","±1,817","4.0%","±0.5","13,611","±1,691","3.5%","±0.4","28,709","±2,388","4.3%","±0.3","15,909","±1,966","4.9%","±0.6","12,800","±1,535","3.7%","±0.4","35,708","±2,783","4.6%","±0.4","17,188","±2,266","4.6%","±0.6","18,520","±2,067","4.7%","±0.5","34,145","±3,557","4.4%","±0.4","16,486","±2,605","4.5%","±0.7","17,659","±2,729","4.3%","±0.6","24,751","±3,581","3.1%","±0.4","12,217","±2,537","3.2%","±0.6","12,534","±2,223","3.1%","±0.5","34,305","±2,969","4.5%","±0.4","16,441","±2,130","4.4%","±0.6","17,864","±2,021","4.6%","±0.5","43,258","±2,542","5.1%","±0.3","22,708","±1,737","5.4%","±0.4","20,550","±2,033","4.7%","±0.4","28,777","±1,792","4.0%","±0.3","16,997","±2,304","4.8%","±0.6","11,780","±1,747","3.2%","±0.5","32,591","±1,981","4.0%","±0.2","17,194","±1,460","4.3%","±0.4","15,397","±1,510","3.8%","±0.4","31,225","±2,602","3.9%","±0.3","15,583","±2,212","3.9%","±0.5","15,642","±1,907","3.9%","±0.4","35,827","±2,403","4.4%","±0.3","16,547","±1,864","4.2%","±0.5","19,280","±2,171","4.6%","±0.5","28,895","±2,503","3.9%","±0.3","17,069","±1,874","4.5%","±0.5","11,826","±1,655","3.2%","±0.4","36,106","±3,895","4.5%","±0.5","20,026","±2,596","5.3%","±0.7","16,080","±2,809","3.8%","±0.6","30,981","±1,273","4.2%","±0.2","14,480","±1,539","4.0%","±0.4","16,501","±1,500","4.4%","±0.4"
"        Under 18 years","177,761","±3,859","23.2%","±0.4","90,306","±3,673","24.1%","±0.8","87,455","±3,745","22.4%","±0.8","158,071","±5,247","23.5%","±0.6","81,140","±3,711","24.8%","±0.9","76,931","±4,048","22.3%","±0.9","180,314","±5,236","23.3%","±0.5","92,835","±3,716","24.7%","±0.8","87,479","±4,425","22.0%","±0.9","183,171","±9,037","23.6%","±0.8","89,031","±6,200","24.4%","±1.3","94,140","±7,287","22.9%","±1.4","158,361","±9,315","20.1%","±1.0","78,329","±5,013","20.4%","±1.2","80,032","±7,346","19.7%","±1.4","180,846","±7,104","23.8%","±0.8","90,587","±5,062","24.3%","±1.2","90,259","±4,357","23.2%","±1.0","218,779","±7,843","25.5%","±0.6","112,693","±5,260","26.8%","±1.0","106,086","±5,297","24.3%","±0.9","171,196","±3,876","23.9%","±0.4","90,928","±3,932","25.8%","±0.9","80,268","±3,759","22.0%","±0.8","179,548","±3,937","22.3%","±0.4","91,488","±3,176","23.0%","±0.7","88,060","±3,241","21.6%","±0.6","183,855","±7,766","23.0%","±0.7","96,749","±5,784","24.4%","±1.2","87,106","±5,118","21.6%","±1.0","177,985","±4,681","22.0%","±0.4","88,394","±3,472","22.6%","±0.8","89,591","±3,979","21.6%","±0.7","173,573","±3,812","23.4%","±0.4","95,924","±3,433","25.6%","±0.7","77,649","±3,308","21.1%","±0.7","202,903","±7,392","25.5%","±0.7","108,063","±5,653","28.9%","±1.3","94,840","±5,591","22.5%","±1.0","175,761","±2,085","23.8%","±0.2","89,813","±2,796","24.8%","±0.6","85,948","±2,901","23.0%","±0.6"
"        18 to 24 years","77,126","±3,712","10.1%","±0.5","39,034","±2,643","10.4%","±0.7","38,092","±2,615","9.8%","±0.7","66,656","±3,041","9.9%","±0.4","34,050","±2,060","10.4%","±0.6","32,606","±2,151","9.4%","±0.6","71,334","±4,418","9.2%","±0.5","38,508","±2,741","10.2%","±0.7","32,826","±3,074","8.3%","±0.7","67,473","±5,548","8.7%","±0.7","34,412","±3,393","9.4%","±0.9","33,061","±3,484","8.0%","±0.8","89,494","±6,067","11.3%","±0.7","42,288","±3,812","11.0%","±0.9","47,206","±4,534","11.6%","±1.1","53,238","±4,818","7.0%","±0.6","26,991","±3,179","7.3%","±0.8","26,247","±3,464","6.8%","±0.9","78,793","±4,084","9.2%","±0.5","39,282","±2,992","9.3%","±0.7","39,511","±2,498","9.1%","±0.6","73,937","±4,434","10.3%","±0.6","37,962","±2,858","10.8%","±0.8","35,975","±2,503","9.9%","±0.7","69,714","±2,751","8.7%","±0.3","33,264","±1,817","8.4%","±0.4","36,450","±2,110","8.9%","±0.5","95,446","±4,810","11.9%","±0.5","51,307","±3,277","12.9%","±0.8","44,139","±2,791","10.9%","±0.7","78,859","±5,106","9.8%","±0.6","39,340","±3,293","10.0%","±0.8","39,519","±3,044","9.5%","±0.7","87,300","±3,488","11.8%","±0.5","47,281","±2,745","12.6%","±0.7","40,019","±2,221","10.9%","±0.6","68,878","±5,101","8.7%","±0.6","33,722","±3,521","9.0%","±0.9","35,156","±3,518","8.4%","±0.8","64,923","±3,309","8.8%","±0.4","33,349","±2,529","9.2%","±0.7","31,574","±2,161","8.4%","±0.6"
"        15 to 44 years","317,475","±4,673","41.5%","±0.5","160,292","±3,744","42.8%","±0.9","157,183","±3,193","40.3%","±0.8","269,182","±6,710","40.0%","±0.7","137,419","±4,291","41.9%","±1.0","131,763","±4,450","38.2%","±1.0","307,122","±8,179","39.7%","±0.7","150,246","±5,459","40.0%","±1.1","156,876","±4,933","39.5%","±0.9","306,614","±10,224","39.5%","±0.8","148,702","±6,403","40.8%","±1.1","157,912","±6,545","38.4%","±1.1","382,793","±10,652","48.5%","±1.0","189,688","±7,585","49.4%","±1.3","193,105","±7,733","47.6%","±1.5","307,544","±9,234","40.4%","±0.9","149,786","±6,937","40.3%","±1.4","157,758","±5,858","40.6%","±1.1","353,337","±9,348","41.3%","±0.6","176,057","±5,637","41.9%","±0.9","177,280","±5,684","40.7%","±0.9","290,085","±5,699","40.4%","±0.7","147,133","±4,317","41.8%","±1.1","142,952","±3,706","39.1%","±0.8","292,087","±6,014","36.3%","±0.5","146,654","±3,691","36.9%","±0.7","145,433","±3,530","35.6%","±0.6","325,575","±8,335","40.7%","±0.7","162,585","±6,293","41.0%","±1.2","162,990","±4,991","40.4%","±1.0","337,043","±8,008","41.7%","±0.7","164,816","±5,340","42.1%","±0.9","172,227","±5,374","41.4%","±0.9","304,611","±5,819","41.0%","±0.7","160,244","±3,635","42.7%","±0.9","144,367","±3,869","39.3%","±0.9","330,639","±13,258","41.6%","±1.2","152,002","±8,577","40.6%","±1.7","178,637","±7,808","42.4%","±1.3","286,246","±4,072","38.8%","±0.6","141,884","±2,675","39.1%","±0.7","144,362","±3,108","38.6%","±0.8"
"        16 years and over","605,826","±4,808","79.2%","±0.5","295,363","±3,676","78.8%","±0.8","310,463","±3,034","79.5%","±0.8","532,399","±6,519","79.1%","±0.6","256,315","±4,614","78.2%","±0.9","276,084","±4,080","79.9%","±0.9","619,712","±9,481","80.1%","±0.6","296,570","±5,899","78.9%","±0.8","323,142","±5,520","81.3%","±1.0","614,855","±13,949","79.3%","±0.8","287,473","±8,722","78.8%","±1.2","327,382","±7,983","79.7%","±1.3","644,335","±12,354","81.6%","±1.0","310,836","±9,525","81.0%","±1.2","333,499","±8,493","82.2%","±1.4","603,337","±10,360","79.3%","±0.9","292,297","±8,184","78.6%","±1.2","311,040","±6,930","80.1%","±1.0","664,848","±12,123","77.6%","±0.6","322,587","±7,154","76.7%","±1.0","342,261","±6,660","78.5%","±0.9","565,616","±4,972","78.8%","±0.5","273,553","±3,555","77.7%","±0.8","292,063","±3,609","80.0%","±0.8","648,365","±7,383","80.5%","±0.4","317,483","±4,483","79.9%","±0.6","330,882","±4,695","81.1%","±0.6","636,157","±12,747","79.5%","±0.8","309,849","±8,352","78.1%","±1.3","326,308","±6,649","80.8%","±1.0","652,980","±10,101","80.9%","±0.5","315,110","±6,742","80.4%","±0.8","337,870","±6,540","81.3%","±0.8","588,663","±5,569","79.2%","±0.5","290,262","±3,535","77.3%","±0.7","298,401","±3,678","81.2%","±0.8","617,974","±13,475","77.7%","±0.8","281,524","±9,130","75.2%","±1.2","336,450","±8,270","79.9%","±1.1","580,851","±3,412","78.8%","±0.3","282,338","±3,049","77.8%","±0.7","298,513","±2,778","79.8%","±0.6"
"        18 years and over","587,506","±3,973","76.8%","±0.4","284,504","±2,861","75.9%","±0.8","303,002","±2,398","77.6%","±0.8","514,861","±6,264","76.5%","±0.6","246,469","±4,442","75.2%","±0.9","268,392","±3,987","77.7%","±0.9","593,016","±9,234","76.7%","±0.5","283,095","±5,813","75.3%","±0.8","309,921","±4,960","78.0%","±0.9","592,345","±12,989","76.4%","±0.8","275,659","±8,280","75.6%","±1.3","316,686","±7,469","77.1%","±1.4","631,249","±12,330","79.9%","±1.0","305,352","±9,278","79.6%","±1.2","325,897","±8,504","80.3%","±1.4","579,522","±10,125","76.2%","±0.8","281,482","±7,997","75.7%","±1.2","298,040","±6,610","76.8%","±1.0","637,597","±11,754","74.5%","±0.6","307,877","±6,997","73.2%","±1.0","329,720","±6,308","75.7%","±0.9","546,261","±4,958","76.1%","±0.4","261,306","±3,662","74.2%","±0.9","284,955","±3,139","78.0%","±0.8","625,900","±6,536","77.7%","±0.4","305,997","±4,249","77.0%","±0.7","319,903","±4,086","78.4%","±0.6","616,655","±11,840","77.0%","±0.7","299,851","±7,524","75.6%","±1.2","316,804","±6,355","78.4%","±1.0","629,396","±9,197","78.0%","±0.4","303,312","±6,249","77.4%","±0.8","326,084","±6,071","78.4%","±0.7","569,283","±4,543","76.6%","±0.4","279,435","±2,904","74.4%","±0.7","289,848","±3,080","78.9%","±0.7","592,611","±12,460","74.5%","±0.7","266,492","±8,545","71.1%","±1.3","326,119","±7,412","77.5%","±1.0","561,240","±2,894","76.2%","±0.2","273,033","±2,815","75.2%","±0.6","288,207","±2,180","77.0%","±0.6"
"        21 years and over","549,914","±4,606","71.9%","±0.6","266,094","±3,125","71.0%","±0.9","283,820","±3,148","72.7%","±1.0","483,544","±6,216","71.9%","±0.7","231,260","±4,657","70.6%","±1.1","252,284","±4,072","73.1%","±1.0","564,419","±9,119","73.0%","±0.6","267,878","±5,707","71.3%","±1.0","296,541","±5,065","74.6%","±1.1","563,433","±12,978","72.7%","±0.9","261,866","±7,946","71.8%","±1.3","301,567","±7,579","73.4%","±1.4","591,222","±12,542","74.9%","±1.1","287,815","±9,191","75.0%","±1.4","303,407","±8,075","74.7%","±1.5","556,754","±10,137","73.2%","±0.9","269,118","±8,010","72.3%","±1.3","287,636","±6,329","74.1%","±1.1","604,295","±11,729","70.6%","±0.6","290,779","±6,509","69.1%","±0.9","313,516","±6,465","71.9%","±0.9","516,586","±6,152","72.0%","±0.7","245,079","±4,827","69.6%","±1.2","271,507","±3,983","74.3%","±1.0","591,902","±6,793","73.5%","±0.5","288,875","±4,481","72.7%","±0.8","303,027","±4,629","74.3%","±0.8","572,089","±11,995","71.5%","±0.9","277,316","±7,977","69.9%","±1.3","294,773","±6,847","73.0%","±1.3","597,107","±9,317","74.0%","±0.6","288,732","±5,987","73.7%","±0.8","308,375","±6,094","74.2%","±0.9","529,517","±5,576","71.3%","±0.6","258,526","±4,246","68.9%","±1.1","270,991","±3,562","73.7%","±0.9","566,105","±11,585","71.2%","±0.8","253,114","±8,062","67.6%","±1.5","312,991","±7,318","74.4%","±1.1","526,069","±4,058","71.4%","±0.5","255,830","±3,452","70.5%","±0.9","270,239","±2,906","72.2%","±0.9"
"        60 years and over","167,620","±3,612","21.9%","±0.5","74,738","±2,440","19.9%","±0.6","92,882","±2,273","23.8%","±0.6","154,072","±3,972","22.9%","±0.6","67,105","±2,434","20.5%","±0.7","86,967","±2,797","25.2%","±0.8","168,739","±4,916","21.8%","±0.6","76,444","±2,945","20.3%","±0.8","92,295","±2,923","23.2%","±0.8","161,778","±6,426","20.9%","±0.9","70,728","±3,726","19.4%","±1.0","91,050","±4,132","22.2%","±1.1","136,686","±6,144","17.3%","±0.8","58,913","±3,660","15.4%","±1.0","77,773","±4,334","19.2%","±1.1","144,484","±6,288","19.0%","±0.8","68,565","±3,686","18.4%","±1.0","75,919","±3,706","19.6%","±1.0","144,071","±5,992","16.8%","±0.7","64,778","±3,569","15.4%","±0.8","79,293","±4,066","18.2%","±1.0","160,041","±4,105","22.3%","±0.6","70,144","±2,818","19.9%","±0.8","89,897","±2,773","24.6%","±0.8","207,745","±4,306","25.8%","±0.5","96,934","±2,949","24.4%","±0.8","110,811","±2,821","27.2%","±0.7","168,673","±5,583","21.1%","±0.8","77,583","±3,160","19.6%","±0.9","91,090","±3,485","22.6%","±0.9","164,422","±5,477","20.4%","±0.7","73,203","±3,321","18.7%","±0.8","91,219","±3,429","21.9%","±0.8","160,622","±3,905","21.6%","±0.5","71,700","±2,555","19.1%","±0.7","88,922","±2,365","24.2%","±0.6","141,418","±6,532","17.8%","±0.8","63,130","±4,232","16.9%","±1.1","78,288","±3,884","18.6%","±0.9","162,482","±3,760","22.0%","±0.5","73,075","±2,585","20.1%","±0.7","89,407","±2,479","23.9%","±0.7"
"        62 years and over","147,996","±3,109","19.3%","±0.4","66,598","±2,288","17.8%","±0.6","81,398","±2,046","20.8%","±0.6","135,383","±3,758","20.1%","±0.6","58,652","±2,269","17.9%","±0.7","76,731","±2,429","22.2%","±0.7","151,241","±4,703","19.6%","±0.6","68,365","±2,798","18.2%","±0.7","82,876","±2,855","20.9%","±0.8","138,866","±5,780","17.9%","±0.8","60,765","±3,635","16.7%","±1.0","78,101","±3,873","19.0%","±1.0","120,146","±5,455","15.2%","±0.7","51,815","±3,308","13.5%","±0.9","68,331","±3,987","16.8%","±1.0","126,489","±5,685","16.6%","±0.8","59,705","±3,220","16.0%","±0.9","66,784","±3,652","17.2%","±0.9","123,050","±5,277","14.4%","±0.6","54,450","±2,952","12.9%","±0.7","68,600","±3,605","15.7%","±0.8","138,884","±3,772","19.4%","±0.5","61,285","±2,491","17.4%","±0.7","77,599","±2,398","21.2%","±0.7","184,464","±3,624","22.9%","±0.5","85,585","±2,461","21.5%","±0.6","98,879","±2,654","24.2%","±0.6","150,694","±4,893","18.8%","±0.7","69,239","±2,962","17.5%","±0.8","81,455","±3,241","20.2%","±0.8","140,360","±4,966","17.4%","±0.6","61,514","±3,106","15.7%","±0.8","78,846","±3,120","19.0%","±0.7","140,945","±3,828","19.0%","±0.5","62,683","±2,189","16.7%","±0.6","78,262","±2,464","21.3%","±0.6","120,904","±6,043","15.2%","±0.8","54,186","±3,847","14.5%","±1.1","66,718","±3,554","15.8%","±0.8","144,097","±3,316","19.6%","±0.5","65,064","±2,139","17.9%","±0.6","79,033","±2,399","21.1%","±0.7"
"        65 years and over","122,434","±2,379","16.0%","±0.3","54,931","±1,370","14.7%","±0.4","67,503","±1,654","17.3%","±0.4","110,722","±2,930","16.5%","±0.5","46,099","±1,815","14.1%","±0.6","64,623","±1,862","18.7%","±0.6","122,696","±3,356","15.9%","±0.4","55,460","±2,065","14.8%","±0.5","67,236","±1,985","16.9%","±0.6","110,958","±4,597","14.3%","±0.6","46,504","±2,509","12.8%","±0.7","64,454","±3,066","15.7%","±0.8","96,355","±4,358","12.2%","±0.6","40,503","±2,283","10.6%","±0.7","55,852","±3,273","13.8%","±0.8","99,684","±4,274","13.1%","±0.6","45,825","±2,455","12.3%","±0.7","53,859","±3,079","13.9%","±0.8","94,970","±3,837","11.1%","±0.4","41,655","±1,965","9.9%","±0.5","53,315","±2,470","12.2%","±0.6","114,567","±2,564","16.0%","±0.3","49,951","±1,524","14.2%","±0.4","64,616","±1,867","17.7%","±0.5","152,589","±2,539","18.9%","±0.3","70,709","±1,720","17.8%","±0.4","81,880","±1,812","20.1%","±0.4","122,575","±3,785","15.3%","±0.5","54,665","±2,080","13.8%","±0.6","67,910","±2,424","16.8%","±0.6","113,901","±3,679","14.1%","±0.5","48,434","±2,177","12.4%","±0.5","65,467","±2,584","15.7%","±0.6","113,490","±2,080","15.3%","±0.3","49,704","±1,333","13.2%","±0.4","63,786","±1,382","17.4%","±0.4","94,573","±4,565","11.9%","±0.6","39,711","±2,654","10.6%","±0.7","54,862","±2,957","13.0%","±0.7","116,173","±1,951","15.8%","±0.3","52,293","±1,335","14.4%","±0.3","63,880","±1,309","17.1%","±0.3"
"        75 years and over","47,315","±1,827","6.2%","±0.2","20,248","±1,051","5.4%","±0.3","27,067","±1,260","6.9%","±0.3","41,174","±1,857","6.1%","±0.3","15,108","±1,171","4.6%","±0.4","26,066","±1,249","7.5%","±0.4","46,518","±2,013","6.0%","±0.3","19,248","±1,224","5.1%","±0.3","27,270","±1,298","6.9%","±0.3","38,765","±2,793","5.0%","±0.4","15,045","±1,528","4.1%","±0.4","23,720","±1,793","5.8%","±0.4","34,962","±2,636","4.4%","±0.3","13,744","±1,663","3.6%","±0.5","21,218","±1,929","5.2%","±0.5","38,020","±2,955","5.0%","±0.4","16,158","±1,732","4.3%","±0.5","21,862","±1,967","5.6%","±0.5","33,726","±2,026","3.9%","±0.2","13,514","±1,145","3.2%","±0.3","20,212","±1,361","4.6%","±0.3","43,287","±1,650","6.0%","±0.2","17,632","±977","5.0%","±0.3","25,655","±1,138","7.0%","±0.3","58,859","±1,644","7.3%","±0.2","25,780","±890","6.5%","±0.2","33,079","±1,214","8.1%","±0.3","47,076","±2,445","5.9%","±0.3","19,690","±1,393","5.0%","±0.3","27,386","±1,696","6.8%","±0.4","42,110","±2,095","5.2%","±0.3","17,179","±1,078","4.4%","±0.3","24,931","±1,620","6.0%","±0.4","41,464","±1,620","5.6%","±0.2","16,967","±990","4.5%","±0.3","24,497","±1,286","6.7%","±0.4","30,840","±2,599","3.9%","±0.3","11,763","±1,541","3.1%","±0.4","19,077","±2,019","4.5%","±0.5","44,630","±1,126","6.1%","±0.2","19,420","±932","5.4%","±0.3","25,210","±630","6.7%","±0.2"
"    SUMMARY INDICATORS","","","","","","","","","","","","","","","","","","","","","","","","","","","","","","","","","","","","","","","","","","","","","","","","","","","","","","","","","","","","","","","","","","","","","","","","","","","","","","","","","","","","","","","","","","","","","","","","","","","","","","","","","","","","","","","","","","","","","","","","","","","","","","","","","","","","","","","","","","","","","","","","","","","","","","","","","","","","","","","","","","","","","","","",""
"        Median age (years)","36.4","±0.6","(X)","(X)","34.9","±0.8","(X)","(X)","37.7","±0.6","(X)","(X)","37.5","±0.7","(X)","(X)","35.7","±0.8","(X)","(X)","39.3","±0.9","(X)","(X)","38.6","±0.5","(X)","(X)","37.3","±0.6","(X)","(X)","39.7","±0.6","(X)","(X)","38.4","±0.8","(X)","(X)","36.1","±1.1","(X)","(X)","40.0","±1.2","(X)","(X)","34.8","±0.5","(X)","(X)","34.6","±0.6","(X)","(X)","35.1","±0.7","(X)","(X)","38.2","±0.7","(X)","(X)","37.9","±0.8","(X)","(X)","38.4","±0.9","(X)","(X)","37.2","±0.6","(X)","(X)","35.9","±0.7","(X)","(X)","38.7","±0.9","(X)","(X)","37.3","±0.7","(X)","(X)","35.3","±0.8","(X)","(X)","38.9","±0.9","(X)","(X)","41.3","±0.6","(X)","(X)","40.3","±0.9","(X)","(X)","42.2","±0.6","(X)","(X)","36.9","±0.8","(X)","(X)","35.4","±0.6","(X)","(X)","38.5","±1.3","(X)","(X)","38.3","±0.7","(X)","(X)","37.9","±0.9","(X)","(X)","38.7","±0.7","(X)","(X)","36.6","±0.5","(X)","(X)","34.1","±0.6","(X)","(X)","39.5","±1.1","(X)","(X)","36.1","±0.6","(X)","(X)","34.5","±0.9","(X)","(X)","37.5","±0.6","(X)","(X)","38.4","±0.5","(X)","(X)","36.8","±0.5","(X)","(X)","39.7","±0.5","(X)","(X)"
"        Sex ratio (males per 100 females)","96.0","±1.7","(X)","(X)","(X)","(X)","(X)","(X)","(X)","(X)","(X)","(X)","94.9","±2.1","(X)","(X)","(X)","(X)","(X)","(X)","(X)","(X)","(X)","(X)","94.6","±1.8","(X)","(X)","(X)","(X)","(X)","(X)","(X)","(X)","(X)","(X)","88.8","±2.8","(X)","(X)","(X)","(X)","(X)","(X)","(X)","(X)","(X)","(X)","94.5","±3.7","(X)","(X)","(X)","(X)","(X)","(X)","(X)","(X)","(X)","(X)","95.8","±3.0","(X)","(X)","(X)","(X)","(X)","(X)","(X)","(X)","(X)","(X)","96.5","±1.8","(X)","(X)","(X)","(X)","(X)","(X)","(X)","(X)","(X)","(X)","96.4","±2.1","(X)","(X)","(X)","(X)","(X)","(X)","(X)","(X)","(X)","(X)","97.4","±1.7","(X)","(X)","(X)","(X)","(X)","(X)","(X)","(X)","(X)","(X)","98.2","±2.4","(X)","(X)","(X)","(X)","(X)","(X)","(X)","(X)","(X)","(X)","94.2","±2.4","(X)","(X)","(X)","(X)","(X)","(X)","(X)","(X)","(X)","(X)","102.1","±1.9","(X)","(X)","(X)","(X)","(X)","(X)","(X)","(X)","(X)","(X)","89.0","±3.0","(X)","(X)","(X)","(X)","(X)","(X)","(X)","(X)","(X)","(X)","97.0","±1.7","(X)","(X)","(X)","(X)","(X)","(X)","(X)","(X)","(X)","(X)"
"        Age dependency ratio","64.5","±1.1","(X)","(X)","(X)","(X)","(X)","(X)","(X)","(X)","(X)","(X)","66.5","±1.4","(X)","(X)","(X)","(X)","(X)","(X)","(X)","(X)","(X)","(X)","64.4","±1.5","(X)","(X)","(X)","(X)","(X)","(X)","(X)","(X)","(X)","(X)","61.1","±2.0","(X)","(X)","(X)","(X)","(X)","(X)","(X)","(X)","(X)","(X)","47.6","±2.3","(X)","(X)","(X)","(X)","(X)","(X)","(X)","(X)","(X)","(X)","58.5","±2.1","(X)","(X)","(X)","(X)","(X)","(X)","(X)","(X)","(X)","(X)","57.8","±1.6","(X)","(X)","(X)","(X)","(X)","(X)","(X)","(X)","(X)","(X)","66.2","±1.4","(X)","(X)","(X)","(X)","(X)","(X)","(X)","(X)","(X)","(X)","70.2","±0.9","(X)","(X)","(X)","(X)","(X)","(X)","(X)","(X)","(X)","(X)","62.0","±2.1","(X)","(X)","(X)","(X)","(X)","(X)","(X)","(X)","(X)","(X)","56.6","±1.3","(X)","(X)","(X)","(X)","(X)","(X)","(X)","(X)","(X)","(X)","63.0","±0.9","(X)","(X)","(X)","(X)","(X)","(X)","(X)","(X)","(X)","(X)","59.7","±2.3","(X)","(X)","(X)","(X)","(X)","(X)","(X)","(X)","(X)","(X)","65.6","±0.8","(X)","(X)","(X)","(X)","(X)","(X)","(X)","(X)","(X)","(X)"
"        Old-age dependency ratio","26.3","±0.6","(X)","(X)","(X)","(X)","(X)","(X)","(X)","(X)","(X)","(X)","27.4","±0.9","(X)","(X)","(X)","(X)","(X)","(X)","(X)","(X)","(X)","(X)","26.1","±0.8","(X)","(X)","(X)","(X)","(X)","(X)","(X)","(X)","(X)","(X)","23.0","±1.1","(X)","(X)","(X)","(X)","(X)","(X)","(X)","(X)","(X)","(X)","18.0","±1.0","(X)","(X)","(X)","(X)","(X)","(X)","(X)","(X)","(X)","(X)","20.8","±1.1","(X)","(X)","(X)","(X)","(X)","(X)","(X)","(X)","(X)","(X)","17.5","±0.8","(X)","(X)","(X)","(X)","(X)","(X)","(X)","(X)","(X)","(X)","26.5","±0.7","(X)","(X)","(X)","(X)","(X)","(X)","(X)","(X)","(X)","(X)","32.2","±0.6","(X)","(X)","(X)","(X)","(X)","(X)","(X)","(X)","(X)","(X)","24.8","±1.0","(X)","(X)","(X)","(X)","(X)","(X)","(X)","(X)","(X)","(X)","22.1","±0.9","(X)","(X)","(X)","(X)","(X)","(X)","(X)","(X)","(X)","(X)","24.9","±0.5","(X)","(X)","(X)","(X)","(X)","(X)","(X)","(X)","(X)","(X)","19.0","±1.1","(X)","(X)","(X)","(X)","(X)","(X)","(X)","(X)","(X)","(X)","26.1","±0.5","(X)","(X)","(X)","(X)","(X)","(X)","(X)","(X)","(X)","(X)"
"        Child dependency ratio","38.2","±0.9","(X)","(X)","(X)","(X)","(X)","(X)","(X)","(X)","(X)","(X)","39.1","±1.2","(X)","(X)","(X)","(X)","(X)","(X)","(X)","(X)","(X)","(X)","38.3","±1.1","(X)","(X)","(X)","(X)","(X)","(X)","(X)","(X)","(X)","(X)","38.1","±1.7","(X)","(X)","(X)","(X)","(X)","(X)","(X)","(X)","(X)","(X)","29.6","±1.8","(X)","(X)","(X)","(X)","(X)","(X)","(X)","(X)","(X)","(X)","37.7","±1.7","(X)","(X)","(X)","(X)","(X)","(X)","(X)","(X)","(X)","(X)","40.3","±1.4","(X)","(X)","(X)","(X)","(X)","(X)","(X)","(X)","(X)","(X)","39.7","±1.0","(X)","(X)","(X)","(X)","(X)","(X)","(X)","(X)","(X)","(X)","37.9","±0.8","(X)","(X)","(X)","(X)","(X)","(X)","(X)","(X)","(X)","(X)","37.2","±1.6","(X)","(X)","(X)","(X)","(X)","(X)","(X)","(X)","(X)","(X)","34.5","±0.9","(X)","(X)","(X)","(X)","(X)","(X)","(X)","(X)","(X)","(X)","38.1","±0.8","(X)","(X)","(X)","(X)","(X)","(X)","(X)","(X)","(X)","(X)","40.7","±1.7","(X)","(X)","(X)","(X)","(X)","(X)","(X)","(X)","(X)","(X)","39.5","±0.5","(X)","(X)","(X)","(X)","(X)","(X)","(X)","(X)","(X)","(X)"
"    PERCENT ALLOCATED","","","","","","","","","","","","","","","","","","","","","","","","","","","","","","","","","","","","","","","","","","","","","","","","","","","","","","","","","","","","","","","","","","","","","","","","","","","","","","","","","","","","","","","","","","","","","","","","","","","","","","","","","","","","","","","","","","","","","","","","","","","","","","","","","","","","","","","","","","","","","","","","","","","","","","","","","","","","","","","","","","","","","","","",""
"        Sex","(X)","(X)","0.0%","(X)","(X)","(X)","(X)","(X)","(X)","(X)","(X)","(X)","(X)","(X)","0.0%","(X)","(X)","(X)","(X)","(X)","(X)","(X)","(X)","(X)","(X)","(X)","0.1%","(X)","(X)","(X)","(X)","(X)","(X)","(X)","(X)","(X)","(X)","(X)","0.1%","(X)","(X)","(X)","(X)","(X)","(X)","(X)","(X)","(X)","(X)","(X)","0.1%","(X)","(X)","(X)","(X)","(X)","(X)","(X)","(X)","(X)","(X)","(X)","0.0%","(X)","(X)","(X)","(X)","(X)","(X)","(X)","(X)","(X)","(X)","(X)","0.0%","(X)","(X)","(X)","(X)","(X)","(X)","(X)","(X)","(X)","(X)","(X)","0.0%","(X)","(X)","(X)","(X)","(X)","(X)","(X)","(X)","(X)","(X)","(X)","0.0%","(X)","(X)","(X)","(X)","(X)","(X)","(X)","(X)","(X)","(X)","(X)","0.1%","(X)","(X)","(X)","(X)","(X)","(X)","(X)","(X)","(X)","(X)","(X)","0.0%","(X)","(X)","(X)","(X)","(X)","(X)","(X)","(X)","(X)","(X)","(X)","0.0%","(X)","(X)","(X)","(X)","(X)","(X)","(X)","(X)","(X)","(X)","(X)","0.0%","(X)","(X)","(X)","(X)","(X)","(X)","(X)","(X)","(X)","(X)","(X)","0.1%","(X)","(X)","(X)","(X)","(X)","(X)","(X)","(X)","(X)"
"        Age","(X)","(X)","1.8%","(X)","(X)","(X)","(X)","(X)","(X)","(X)","(X)","(X)","(X)","(X)","1.9%","(X)","(X)","(X)","(X)","(X)","(X)","(X)","(X)","(X)","(X)","(X)","1.5%","(X)","(X)","(X)","(X)","(X)","(X)","(X)","(X)","(X)","(X)","(X)","1.6%","(X)","(X)","(X)","(X)","(X)","(X)","(X)","(X)","(X)","(X)","(X)","2.9%","(X)","(X)","(X)","(X)","(X)","(X)","(X)","(X)","(X)","(X)","(X)","1.8%","(X)","(X)","(X)","(X)","(X)","(X)","(X)","(X)","(X)","(X)","(X)","1.0%","(X)","(X)","(X)","(X)","(X)","(X)","(X)","(X)","(X)","(X)","(X)","3.0%","(X)","(X)","(X)","(X)","(X)","(X)","(X)","(X)","(X)","(X)","(X)","1.0%","(X)","(X)","(X)","(X)","(X)","(X)","(X)","(X)","(X)","(X)","(X)","1.0%","(X)","(X)","(X)","(X)","(X)","(X)","(X)","(X)","(X)","(X)","(X)","2.7%","(X)","(X)","(X)","(X)","(X)","(X)","(X)","(X)","(X)","(X)","(X)","1.3%","(X)","(X)","(X)","(X)","(X)","(X)","(X)","(X)","(X)","(X)","(X)","2.9%","(X)","(X)","(X)","(X)","(X)","(X)","(X)","(X)","(X)","(X)","(X)","2.1%","(X)","(X)","(X)","(X)","(X)","(X)","(X)","(X)","(X)"